split_name,distance,p_value,accuracy,error_rate,ler,mwpm_ler,ler_ratio
a1_d3_00,9,0.001,0.6199,0.3801,0.3801,0.0,inf
a1_d3_00,9,0.002,0.5754,0.4246,0.4246,0.0,inf
a1_d3_00,9,0.003,0.561,0.43899999999999995,0.43899999999999995,0.0006,731.6666666666666
a1_d3_00,9,0.004,0.5415,0.4585,0.4585,0.0024,191.04166666666669
a1_d3_00,9,0.005,0.5306,0.46940000000000004,0.46940000000000004,0.0061,76.95081967213115
a1_d3_00,9,0.006,0.5162,0.4838,0.4838,0.0175,27.645714285714284
a1_d3_00,9,0.007,0.5146,0.48540000000000005,0.48540000000000005,0.028,17.33571428571429
a1_d3_00,9,0.008,0.505,0.495,0.495,0.0569,8.699472759226714
a1_d3_00,11,0.001,0.5786,0.4214,0.4214,0.0,inf
a1_d3_00,11,0.002,0.5432,0.4568,0.4568,0.0,inf
a1_d3_00,11,0.003,0.5332,0.4668,0.4668,0.0004,1167.0
a1_d3_00,11,0.004,0.5203,0.4797,0.4797,0.0012,399.75000000000006
a1_d3_00,11,0.005,0.5111,0.4889,0.4889,0.0056,87.30357142857143
a1_d3_00,11,0.006,0.5084,0.49160000000000004,0.49160000000000004,0.0104,47.269230769230774
a1_d3_00,11,0.007,0.5,0.5,0.5,0.0281,17.793594306049823
a1_d3_00,11,0.008,0.5053,0.49470000000000003,0.49470000000000003,0.0569,8.69420035149385
a1_d3_00,13,0.001,0.5641,0.43589999999999995,0.43589999999999995,0.0,inf
a1_d3_00,13,0.002,0.5372,0.4628,0.4628,0.0,inf
a1_d3_00,13,0.003,0.5244,0.4756,0.4756,0.0,inf
a1_d3_00,13,0.004,0.5164,0.48360000000000003,0.48360000000000003,0.0006,806.0000000000001
a1_d3_00,13,0.005,0.518,0.482,0.482,0.0026,185.3846153846154
a1_d3_00,13,0.006,0.5025,0.49750000000000005,0.49750000000000005,0.0093,53.49462365591399
a1_d3_00,13,0.007,0.5032,0.4968,0.4968,0.0286,17.37062937062937
a1_d3_00,13,0.008,0.4937,0.5063,0.5063,0.0553,9.155515370705244
a2_d3_10,9,0.001,0.6136,0.38639999999999997,0.38639999999999997,0.0,inf
a2_d3_10,9,0.002,0.5585,0.4415,0.4415,0.0,inf
a2_d3_10,9,0.003,0.5385,0.4615,0.4615,0.0006,769.1666666666667
a2_d3_10,9,0.004,0.5251,0.4749,0.4749,0.0024,197.875
a2_d3_10,9,0.005,0.5072,0.4928,0.4928,0.0061,80.78688524590164
a2_d3_10,9,0.006,0.5093,0.4907,0.4907,0.0175,28.04
a2_d3_10,9,0.007,0.5097,0.49029999999999996,0.49029999999999996,0.028,17.510714285714283
a2_d3_10,9,0.008,0.5048,0.4952,0.4952,0.0569,8.70298769771529
a2_d3_10,11,0.001,0.5703,0.42969999999999997,0.42969999999999997,0.0,inf
a2_d3_10,11,0.002,0.5365,0.4635,0.4635,0.0,inf
a2_d3_10,11,0.003,0.513,0.487,0.487,0.0004,1217.5
a2_d3_10,11,0.004,0.5028,0.4972,0.4972,0.0012,414.33333333333337
a2_d3_10,11,0.005,0.5022,0.4978,0.4978,0.0056,88.89285714285715
a2_d3_10,11,0.006,0.5018,0.4982,0.4982,0.0104,47.90384615384615
a2_d3_10,11,0.007,0.5024,0.49760000000000004,0.49760000000000004,0.0281,17.708185053380785
a2_d3_10,11,0.008,0.5021,0.4979,0.4979,0.0569,8.750439367311072
a2_d3_10,13,0.001,0.5415,0.4585,0.4585,0.0,inf
a2_d3_10,13,0.002,0.5119,0.4881,0.4881,0.0,inf
a2_d3_10,13,0.003,0.5069,0.4931,0.4931,0.0,inf
a2_d3_10,13,0.004,0.5048,0.4952,0.4952,0.0006,825.3333333333334
a2_d3_10,13,0.005,0.5032,0.4968,0.4968,0.0026,191.0769230769231
a2_d3_10,13,0.006,0.5041,0.4959,0.4959,0.0093,53.322580645161295
a2_d3_10,13,0.007,0.5035,0.49650000000000005,0.49650000000000005,0.0286,17.36013986013986
a2_d3_10,13,0.008,0.4985,0.5015000000000001,0.5015000000000001,0.0553,9.06871609403255
a3_d3_20,9,0.001,0.6263,0.37370000000000003,0.37370000000000003,0.0,inf
a3_d3_20,9,0.002,0.5942,0.40580000000000005,0.40580000000000005,0.0,inf
a3_d3_20,9,0.003,0.5827,0.4173,0.4173,0.0006,695.5000000000001
a3_d3_20,9,0.004,0.5726,0.4274,0.4274,0.0024,178.08333333333334
a3_d3_20,9,0.005,0.5526,0.4474,0.4474,0.0061,73.34426229508196
a3_d3_20,9,0.006,0.5402,0.4598,0.4598,0.0175,26.27428571428571
a3_d3_20,9,0.007,0.5258,0.47419999999999995,0.47419999999999995,0.028,16.935714285714283
a3_d3_20,9,0.008,0.5163,0.4837,0.4837,0.0569,8.500878734622145
a3_d3_20,11,0.001,0.6048,0.3952,0.3952,0.0,inf
a3_d3_20,11,0.002,0.5969,0.4031,0.4031,0.0,inf
a3_d3_20,11,0.003,0.5706,0.4294,0.4294,0.0004,1073.5
a3_d3_20,11,0.004,0.5469,0.45309999999999995,0.45309999999999995,0.0012,377.5833333333333
a3_d3_20,11,0.005,0.5279,0.47209999999999996,0.47209999999999996,0.0056,84.30357142857142
a3_d3_20,11,0.006,0.5104,0.48960000000000004,0.48960000000000004,0.0104,47.07692307692308
a3_d3_20,11,0.007,0.5035,0.49650000000000005,0.49650000000000005,0.0281,17.669039145907476
a3_d3_20,11,0.008,0.5051,0.4949,0.4949,0.0569,8.697715289982426
a3_d3_20,13,0.001,0.6168,0.3832,0.3832,0.0,inf
a3_d3_20,13,0.002,0.575,0.42500000000000004,0.42500000000000004,0.0,inf
a3_d3_20,13,0.003,0.5361,0.4639,0.4639,0.0,inf
a3_d3_20,13,0.004,0.5219,0.47809999999999997,0.47809999999999997,0.0006,796.8333333333334
a3_d3_20,13,0.005,0.5154,0.48460000000000003,0.48460000000000003,0.0026,186.38461538461542
a3_d3_20,13,0.006,0.5073,0.4927,0.4927,0.0093,52.97849462365592
a3_d3_20,13,0.007,0.5039,0.4961,0.4961,0.0286,17.346153846153847
a3_d3_20,13,0.008,0.4935,0.5065,0.5065,0.0553,9.159132007233271
a4_d3_40,9,0.001,0.6297,0.37029999999999996,0.37029999999999996,0.0,inf
a4_d3_40,9,0.002,0.5803,0.41969999999999996,0.41969999999999996,0.0,inf
a4_d3_40,9,0.003,0.5615,0.4385,0.4385,0.0006,730.8333333333334
a4_d3_40,9,0.004,0.5495,0.4505,0.4505,0.0024,187.70833333333334
a4_d3_40,9,0.005,0.5419,0.45809999999999995,0.45809999999999995,0.0061,75.0983606557377
a4_d3_40,9,0.006,0.528,0.472,0.472,0.0175,26.971428571428568
a4_d3_40,9,0.007,0.5208,0.47919999999999996,0.47919999999999996,0.028,17.114285714285714
a4_d3_40,9,0.008,0.5136,0.48640000000000005,0.48640000000000005,0.0569,8.548330404217927
a4_d3_40,11,0.001,0.6088,0.3912,0.3912,0.0,inf
a4_d3_40,11,0.002,0.58,0.42000000000000004,0.42000000000000004,0.0,inf
a4_d3_40,11,0.003,0.561,0.43899999999999995,0.43899999999999995,0.0004,1097.4999999999998
a4_d3_40,11,0.004,0.5322,0.4678,0.4678,0.0012,389.83333333333337
a4_d3_40,11,0.005,0.5248,0.47519999999999996,0.47519999999999996,0.0056,84.85714285714285
a4_d3_40,11,0.006,0.5095,0.49050000000000005,0.49050000000000005,0.0104,47.16346153846155
a4_d3_40,11,0.007,0.5011,0.4989,0.4989,0.0281,17.754448398576514
a4_d3_40,11,0.008,0.5089,0.4911,0.4911,0.0569,8.630931458699473
a4_d3_40,13,0.001,0.5975,0.40249999999999997,0.40249999999999997,0.0,inf
a4_d3_40,13,0.002,0.5605,0.4395,0.4395,0.0,inf
a4_d3_40,13,0.003,0.5325,0.4675,0.4675,0.0,inf
a4_d3_40,13,0.004,0.5107,0.48929999999999996,0.48929999999999996,0.0006,815.5
a4_d3_40,13,0.005,0.5144,0.48560000000000003,0.48560000000000003,0.0026,186.7692307692308
a4_d3_40,13,0.006,0.4997,0.5003,0.5003,0.0093,53.795698924731184
a4_d3_40,13,0.007,0.5046,0.49539999999999995,0.49539999999999995,0.0286,17.32167832167832
a4_d3_40,13,0.008,0.4983,0.5017,0.5017,0.0553,9.072332730560579
a5_d3_50,9,0.001,0.639,0.361,0.361,0.0,inf
a5_d3_50,9,0.002,0.5878,0.4122,0.4122,0.0,inf
a5_d3_50,9,0.003,0.5633,0.4367,0.4367,0.0006,727.8333333333334
a5_d3_50,9,0.004,0.5414,0.4586,0.4586,0.0024,191.08333333333334
a5_d3_50,9,0.005,0.5275,0.47250000000000003,0.47250000000000003,0.0061,77.45901639344262
a5_d3_50,9,0.006,0.5217,0.47829999999999995,0.47829999999999995,0.0175,27.331428571428567
a5_d3_50,9,0.007,0.5148,0.48519999999999996,0.48519999999999996,0.028,17.328571428571426
a5_d3_50,9,0.008,0.514,0.486,0.486,0.0569,8.541300527240773
a5_d3_50,11,0.001,0.603,0.397,0.397,0.0,inf
a5_d3_50,11,0.002,0.5554,0.4446,0.4446,0.0,inf
a5_d3_50,11,0.003,0.5453,0.4547,0.4547,0.0004,1136.75
a5_d3_50,11,0.004,0.5278,0.47219999999999995,0.47219999999999995,0.0012,393.5
a5_d3_50,11,0.005,0.5221,0.4779,0.4779,0.0056,85.33928571428571
a5_d3_50,11,0.006,0.504,0.496,0.496,0.0104,47.69230769230769
a5_d3_50,11,0.007,0.5076,0.49239999999999995,0.49239999999999995,0.0281,17.523131672597863
a5_d3_50,11,0.008,0.5038,0.4962,0.4962,0.0569,8.720562390158172
a5_d3_50,13,0.001,0.5933,0.40669999999999995,0.40669999999999995,0.0,inf
a5_d3_50,13,0.002,0.5514,0.4486,0.4486,0.0,inf
a5_d3_50,13,0.003,0.5199,0.48009999999999997,0.48009999999999997,0.0,inf
a5_d3_50,13,0.004,0.5138,0.48619999999999997,0.48619999999999997,0.0006,810.3333333333334
a5_d3_50,13,0.005,0.5057,0.49429999999999996,0.49429999999999996,0.0026,190.1153846153846
a5_d3_50,13,0.006,0.5038,0.4962,0.4962,0.0093,53.35483870967742
a5_d3_50,13,0.007,0.501,0.499,0.499,0.0286,17.447552447552447
a5_d3_50,13,0.008,0.4989,0.5011,0.5011,0.0553,9.061482820976492
b1_d5heavy,9,0.001,0.6272,0.3728,0.3728,0.0,inf
b1_d5heavy,9,0.002,0.573,0.42700000000000005,0.42700000000000005,0.0,inf
b1_d5heavy,9,0.003,0.5526,0.4474,0.4474,0.0006,745.6666666666667
b1_d5heavy,9,0.004,0.5384,0.4616,0.4616,0.0024,192.33333333333334
b1_d5heavy,9,0.005,0.5369,0.46309999999999996,0.46309999999999996,0.0061,75.91803278688523
b1_d5heavy,9,0.006,0.5283,0.4717,0.4717,0.0175,26.954285714285714
b1_d5heavy,9,0.007,0.5185,0.48150000000000004,0.48150000000000004,0.028,17.196428571428573
b1_d5heavy,9,0.008,0.506,0.494,0.494,0.0569,8.681898066783832
b1_d5heavy,11,0.001,0.5735,0.4265,0.4265,0.0,inf
b1_d5heavy,11,0.002,0.534,0.46599999999999997,0.46599999999999997,0.0,inf
b1_d5heavy,11,0.003,0.5171,0.4829,0.4829,0.0004,1207.25
b1_d5heavy,11,0.004,0.5172,0.4828,0.4828,0.0012,402.33333333333337
b1_d5heavy,11,0.005,0.4979,0.5021,0.5021,0.0056,89.66071428571429
b1_d5heavy,11,0.006,0.499,0.501,0.501,0.0104,48.17307692307693
b1_d5heavy,11,0.007,0.4994,0.5005999999999999,0.5005999999999999,0.0281,17.81494661921708
b1_d5heavy,11,0.008,0.5006,0.49939999999999996,0.49939999999999996,0.0569,8.776801405975394
b1_d5heavy,13,0.001,0.5493,0.4507,0.4507,0.0,inf
b1_d5heavy,13,0.002,0.5179,0.4821,0.4821,0.0,inf
b1_d5heavy,13,0.003,0.5056,0.49439999999999995,0.49439999999999995,0.0,inf
b1_d5heavy,13,0.004,0.492,0.508,0.508,0.0006,846.6666666666667
b1_d5heavy,13,0.005,0.5029,0.4971,0.4971,0.0026,191.1923076923077
b1_d5heavy,13,0.006,0.5015,0.49850000000000005,0.49850000000000005,0.0093,53.60215053763442
b1_d5heavy,13,0.007,0.5022,0.4978,0.4978,0.0286,17.405594405594407
b1_d5heavy,13,0.008,0.5006,0.49939999999999996,0.49939999999999996,0.0553,9.030741410488245
b2_d5more,9,0.001,0.6497,0.35029999999999994,0.35029999999999994,0.0,inf
b2_d5more,9,0.002,0.5813,0.41869999999999996,0.41869999999999996,0.0,inf
b2_d5more,9,0.003,0.569,0.43100000000000005,0.43100000000000005,0.0006,718.3333333333335
b2_d5more,9,0.004,0.5496,0.4504,0.4504,0.0024,187.66666666666669
b2_d5more,9,0.005,0.5363,0.4637,0.4637,0.0061,76.01639344262294
b2_d5more,9,0.006,0.531,0.469,0.469,0.0175,26.799999999999997
b2_d5more,9,0.007,0.5197,0.48029999999999995,0.48029999999999995,0.028,17.153571428571425
b2_d5more,9,0.008,0.5146,0.48540000000000005,0.48540000000000005,0.0569,8.530755711775045
b2_d5more,11,0.001,0.6153,0.38470000000000004,0.38470000000000004,0.0,inf
b2_d5more,11,0.002,0.5798,0.4202,0.4202,0.0,inf
b2_d5more,11,0.003,0.5536,0.4464,0.4464,0.0004,1116.0
b2_d5more,11,0.004,0.5352,0.4648,0.4648,0.0012,387.33333333333337
b2_d5more,11,0.005,0.5247,0.47529999999999994,0.47529999999999994,0.0056,84.87499999999999
b2_d5more,11,0.006,0.5055,0.49450000000000005,0.49450000000000005,0.0104,47.54807692307693
b2_d5more,11,0.007,0.5071,0.4929,0.4929,0.0281,17.540925266903916
b2_d5more,11,0.008,0.5058,0.4942,0.4942,0.0569,8.685413005272407
b2_d5more,13,0.001,0.6041,0.39590000000000003,0.39590000000000003,0.0,inf
b2_d5more,13,0.002,0.5598,0.44020000000000004,0.44020000000000004,0.0,inf
b2_d5more,13,0.003,0.5383,0.4617,0.4617,0.0,inf
b2_d5more,13,0.004,0.518,0.482,0.482,0.0006,803.3333333333334
b2_d5more,13,0.005,0.5166,0.48340000000000005,0.48340000000000005,0.0026,185.92307692307696
b2_d5more,13,0.006,0.5083,0.4917,0.4917,0.0093,52.87096774193549
b2_d5more,13,0.007,0.5045,0.49550000000000005,0.49550000000000005,0.0286,17.325174825174827
b2_d5more,13,0.008,0.4949,0.5051,0.5051,0.0553,9.13381555153707
b3_balanced,9,0.001,0.5942,0.40580000000000005,0.40580000000000005,0.0,inf
b3_balanced,9,0.002,0.5295,0.47050000000000003,0.47050000000000003,0.0,inf
b3_balanced,9,0.003,0.517,0.483,0.483,0.0006,805.0
b3_balanced,9,0.004,0.5019,0.4981,0.4981,0.0024,207.54166666666669
b3_balanced,9,0.005,0.506,0.494,0.494,0.0061,80.98360655737704
b3_balanced,9,0.006,0.4986,0.5014000000000001,0.5014000000000001,0.0175,28.65142857142857
b3_balanced,9,0.007,0.5066,0.49339999999999995,0.49339999999999995,0.028,17.62142857142857
b3_balanced,9,0.008,0.5022,0.4978,0.4978,0.0569,8.748681898066785
b3_balanced,11,0.001,0.5403,0.4597,0.4597,0.0,inf
b3_balanced,11,0.002,0.504,0.496,0.496,0.0,inf
b3_balanced,11,0.003,0.5092,0.4908,0.4908,0.0004,1227.0
b3_balanced,11,0.004,0.4931,0.5069,0.5069,0.0012,422.41666666666674
b3_balanced,11,0.005,0.5021,0.4979,0.4979,0.0056,88.91071428571429
b3_balanced,11,0.006,0.4961,0.5039,0.5039,0.0104,48.45192307692308
b3_balanced,11,0.007,0.4997,0.5003,0.5003,0.0281,17.80427046263345
b3_balanced,11,0.008,0.5066,0.49339999999999995,0.49339999999999995,0.0569,8.6713532513181
b3_balanced,13,0.001,0.5047,0.49529999999999996,0.49529999999999996,0.0,inf
b3_balanced,13,0.002,0.5019,0.4981,0.4981,0.0,inf
b3_balanced,13,0.003,0.5005,0.49950000000000006,0.49950000000000006,0.0,inf
b3_balanced,13,0.004,0.5071,0.4929,0.4929,0.0006,821.5000000000001
b3_balanced,13,0.005,0.5009,0.4991,0.4991,0.0026,191.96153846153845
b3_balanced,13,0.006,0.4997,0.5003,0.5003,0.0093,53.795698924731184
b3_balanced,13,0.007,0.5007,0.49929999999999997,0.49929999999999997,0.0286,17.458041958041957
b3_balanced,13,0.008,0.494,0.506,0.506,0.0553,9.150090415913201
b4_d7more,9,0.001,0.6062,0.39380000000000004,0.39380000000000004,0.0,inf
b4_d7more,9,0.002,0.5477,0.45230000000000004,0.45230000000000004,0.0,inf
b4_d7more,9,0.003,0.5413,0.4587,0.4587,0.0006,764.5000000000001
b4_d7more,9,0.004,0.5122,0.4878,0.4878,0.0024,203.25000000000003
b4_d7more,9,0.005,0.5035,0.49650000000000005,0.49650000000000005,0.0061,81.39344262295083
b4_d7more,9,0.006,0.5026,0.49739999999999995,0.49739999999999995,0.0175,28.422857142857136
b4_d7more,9,0.007,0.4941,0.5059,0.5059,0.028,18.067857142857143
b4_d7more,9,0.008,0.4977,0.5023,0.5023,0.0569,8.827768014059753
b4_d7more,11,0.001,0.531,0.469,0.469,0.0,inf
b4_d7more,11,0.002,0.4905,0.5095000000000001,0.5095000000000001,0.0,inf
b4_d7more,11,0.003,0.4728,0.5272,0.5272,0.0004,1318.0
b4_d7more,11,0.004,0.4757,0.5243,0.5243,0.0012,436.9166666666667
b4_d7more,11,0.005,0.4819,0.5181,0.5181,0.0056,92.51785714285714
b4_d7more,11,0.006,0.4909,0.5091,0.5091,0.0104,48.95192307692308
b4_d7more,11,0.007,0.5005,0.49950000000000006,0.49950000000000006,0.0281,17.775800711743774
b4_d7more,11,0.008,0.4949,0.5051,0.5051,0.0569,8.876977152899824
b4_d7more,13,0.001,0.4962,0.5038,0.5038,0.0,inf
b4_d7more,13,0.002,0.452,0.548,0.548,0.0,inf
b4_d7more,13,0.003,0.4711,0.5288999999999999,0.5288999999999999,0.0,inf
b4_d7more,13,0.004,0.483,0.517,0.517,0.0006,861.6666666666667
b4_d7more,13,0.005,0.4813,0.5186999999999999,0.5186999999999999,0.0026,199.49999999999997
b4_d7more,13,0.006,0.4904,0.5096,0.5096,0.0093,54.79569892473119
b4_d7more,13,0.007,0.4919,0.5081,0.5081,0.0286,17.765734265734267
b4_d7more,13,0.008,0.5055,0.49450000000000005,0.49450000000000005,0.0553,8.942133815551538
b5_d7heavy,9,0.001,0.5875,0.4125,0.4125,0.0,inf
b5_d7heavy,9,0.002,0.5384,0.4616,0.4616,0.0,inf
b5_d7heavy,9,0.003,0.5153,0.4847,0.4847,0.0006,807.8333333333335
b5_d7heavy,9,0.004,0.5111,0.4889,0.4889,0.0024,203.70833333333334
b5_d7heavy,9,0.005,0.506,0.494,0.494,0.0061,80.98360655737704
b5_d7heavy,9,0.006,0.503,0.497,0.497,0.0175,28.4
b5_d7heavy,9,0.007,0.4977,0.5023,0.5023,0.028,17.939285714285713
b5_d7heavy,9,0.008,0.4964,0.5036,0.5036,0.0569,8.850615114235502
b5_d7heavy,11,0.001,0.5215,0.47850000000000004,0.47850000000000004,0.0,inf
b5_d7heavy,11,0.002,0.4903,0.5097,0.5097,0.0,inf
b5_d7heavy,11,0.003,0.4822,0.5178,0.5178,0.0004,1294.5
b5_d7heavy,11,0.004,0.4884,0.5116,0.5116,0.0012,426.3333333333334
b5_d7heavy,11,0.005,0.476,0.524,0.524,0.0056,93.57142857142857
b5_d7heavy,11,0.006,0.502,0.498,0.498,0.0104,47.88461538461539
b5_d7heavy,11,0.007,0.5047,0.49529999999999996,0.49529999999999996,0.0281,17.626334519572953
b5_d7heavy,11,0.008,0.5035,0.49650000000000005,0.49650000000000005,0.0569,8.725834797891038
b5_d7heavy,13,0.001,0.4947,0.5053000000000001,0.5053000000000001,0.0,inf
b5_d7heavy,13,0.002,0.4782,0.5218,0.5218,0.0,inf
b5_d7heavy,13,0.003,0.483,0.517,0.517,0.0,inf
b5_d7heavy,13,0.004,0.4947,0.5053000000000001,0.5053000000000001,0.0006,842.1666666666669
b5_d7heavy,13,0.005,0.4929,0.5071,0.5071,0.0026,195.03846153846155
b5_d7heavy,13,0.006,0.4972,0.5028,0.5028,0.0093,54.06451612903226
b5_d7heavy,13,0.007,0.4968,0.5032,0.5032,0.0286,17.594405594405593
b5_d7heavy,13,0.008,0.5045,0.49550000000000005,0.49550000000000005,0.0553,8.960216998191683
c1_only_d3,9,0.001,0.7425,0.25749999999999995,0.25749999999999995,0.0,inf
c1_only_d3,9,0.002,0.7081,0.29190000000000005,0.29190000000000005,0.0,inf
c1_only_d3,9,0.003,0.65,0.35,0.35,0.0006,583.3333333333334
c1_only_d3,9,0.004,0.6051,0.39490000000000003,0.39490000000000003,0.0024,164.54166666666669
c1_only_d3,9,0.005,0.577,0.42300000000000004,0.42300000000000004,0.0061,69.34426229508198
c1_only_d3,9,0.006,0.5489,0.45109999999999995,0.45109999999999995,0.0175,25.777142857142852
c1_only_d3,9,0.007,0.5306,0.46940000000000004,0.46940000000000004,0.028,16.764285714285716
c1_only_d3,9,0.008,0.5203,0.4797,0.4797,0.0569,8.430579964850615
c1_only_d3,11,0.001,0.7498,0.2502,0.2502,0.0,inf
c1_only_d3,11,0.002,0.6567,0.34330000000000005,0.34330000000000005,0.0,inf
c1_only_d3,11,0.003,0.5899,0.4101,0.4101,0.0004,1025.25
c1_only_d3,11,0.004,0.5543,0.4457,0.4457,0.0012,371.4166666666667
c1_only_d3,11,0.005,0.535,0.46499999999999997,0.46499999999999997,0.0056,83.03571428571428
c1_only_d3,11,0.006,0.5103,0.4897,0.4897,0.0104,47.08653846153847
c1_only_d3,11,0.007,0.5036,0.49639999999999995,0.49639999999999995,0.0281,17.665480427046262
c1_only_d3,11,0.008,0.5049,0.4951,0.4951,0.0569,8.701230228471001
c1_only_d3,13,0.001,0.719,0.281,0.281,0.0,inf
c1_only_d3,13,0.002,0.6051,0.39490000000000003,0.39490000000000003,0.0,inf
c1_only_d3,13,0.003,0.5444,0.4556,0.4556,0.0,inf
c1_only_d3,13,0.004,0.5244,0.4756,0.4756,0.0006,792.6666666666667
c1_only_d3,13,0.005,0.5174,0.48260000000000003,0.48260000000000003,0.0026,185.61538461538464
c1_only_d3,13,0.006,0.5085,0.49150000000000005,0.49150000000000005,0.0093,52.84946236559141
c1_only_d3,13,0.007,0.5048,0.4952,0.4952,0.0286,17.314685314685313
c1_only_d3,13,0.008,0.4929,0.5071,0.5071,0.0553,9.16998191681736
c2_only_d5,9,0.001,0.6276,0.37239999999999995,0.37239999999999995,0.0,inf
c2_only_d5,9,0.002,0.6356,0.36439999999999995,0.36439999999999995,0.0,inf
c2_only_d5,9,0.003,0.627,0.373,0.373,0.0006,621.6666666666667
c2_only_d5,9,0.004,0.5978,0.4022,0.4022,0.0024,167.58333333333334
c2_only_d5,9,0.005,0.5723,0.42769999999999997,0.42769999999999997,0.0061,70.11475409836065
c2_only_d5,9,0.006,0.5481,0.45189999999999997,0.45189999999999997,0.0175,25.82285714285714
c2_only_d5,9,0.007,0.5304,0.4696,0.4696,0.028,16.771428571428572
c2_only_d5,9,0.008,0.52,0.48,0.48,0.0569,8.43585237258348
c2_only_d5,11,0.001,0.6338,0.36619999999999997,0.36619999999999997,0.0,inf
c2_only_d5,11,0.002,0.6238,0.3762,0.3762,0.0,inf
c2_only_d5,11,0.003,0.5863,0.41369999999999996,0.41369999999999996,0.0004,1034.2499999999998
c2_only_d5,11,0.004,0.553,0.44699999999999995,0.44699999999999995,0.0012,372.5
c2_only_d5,11,0.005,0.5343,0.4657,0.4657,0.0056,83.16071428571429
c2_only_d5,11,0.006,0.5106,0.48939999999999995,0.48939999999999995,0.0104,47.05769230769231
c2_only_d5,11,0.007,0.5033,0.49670000000000003,0.49670000000000003,0.0281,17.676156583629894
c2_only_d5,11,0.008,0.5048,0.4952,0.4952,0.0569,8.70298769771529
c2_only_d5,13,0.001,0.6699,0.33009999999999995,0.33009999999999995,0.0,inf
c2_only_d5,13,0.002,0.6021,0.39790000000000003,0.39790000000000003,0.0,inf
c2_only_d5,13,0.003,0.5446,0.4554,0.4554,0.0,inf
c2_only_d5,13,0.004,0.525,0.475,0.475,0.0006,791.6666666666667
c2_only_d5,13,0.005,0.5174,0.48260000000000003,0.48260000000000003,0.0026,185.61538461538464
c2_only_d5,13,0.006,0.5085,0.49150000000000005,0.49150000000000005,0.0093,52.84946236559141
c2_only_d5,13,0.007,0.5048,0.4952,0.4952,0.0286,17.314685314685313
c2_only_d5,13,0.008,0.4929,0.5071,0.5071,0.0553,9.16998191681736
c3_only_d7,9,0.001,0.5879,0.4121,0.4121,0.0,inf
c3_only_d7,9,0.002,0.5412,0.4588,0.4588,0.0,inf
c3_only_d7,9,0.003,0.5225,0.47750000000000004,0.47750000000000004,0.0006,795.8333333333335
c3_only_d7,9,0.004,0.5132,0.4868,0.4868,0.0024,202.83333333333334
c3_only_d7,9,0.005,0.5019,0.4981,0.4981,0.0061,81.65573770491802
c3_only_d7,9,0.006,0.5075,0.49250000000000005,0.49250000000000005,0.0175,28.142857142857142
c3_only_d7,9,0.007,0.4986,0.5014000000000001,0.5014000000000001,0.028,17.90714285714286
c3_only_d7,9,0.008,0.5086,0.49139999999999995,0.49139999999999995,0.0569,8.636203866432338
c3_only_d7,11,0.001,0.5549,0.44510000000000005,0.44510000000000005,0.0,inf
c3_only_d7,11,0.002,0.5327,0.46730000000000005,0.46730000000000005,0.0,inf
c3_only_d7,11,0.003,0.525,0.475,0.475,0.0004,1187.5
c3_only_d7,11,0.004,0.5221,0.4779,0.4779,0.0012,398.25
c3_only_d7,11,0.005,0.5238,0.47619999999999996,0.47619999999999996,0.0056,85.03571428571428
c3_only_d7,11,0.006,0.5067,0.49329999999999996,0.49329999999999996,0.0104,47.43269230769231
c3_only_d7,11,0.007,0.5047,0.49529999999999996,0.49529999999999996,0.0281,17.626334519572953
c3_only_d7,11,0.008,0.5031,0.4969,0.4969,0.0569,8.73286467486819
c3_only_d7,13,0.001,0.5432,0.4568,0.4568,0.0,inf
c3_only_d7,13,0.002,0.5383,0.4617,0.4617,0.0,inf
c3_only_d7,13,0.003,0.5137,0.48629999999999995,0.48629999999999995,0.0,inf
c3_only_d7,13,0.004,0.5144,0.48560000000000003,0.48560000000000003,0.0006,809.3333333333335
c3_only_d7,13,0.005,0.5137,0.48629999999999995,0.48629999999999995,0.0026,187.03846153846152
c3_only_d7,13,0.006,0.5122,0.4878,0.4878,0.0093,52.451612903225815
c3_only_d7,13,0.007,0.5011,0.4989,0.4989,0.0286,17.444055944055943
c3_only_d7,13,0.008,0.4925,0.5075000000000001,0.5075000000000001,0.0553,9.177215189873419
c4_no_d7,9,0.001,0.6094,0.39059999999999995,0.39059999999999995,0.0,inf
c4_no_d7,9,0.002,0.5215,0.47850000000000004,0.47850000000000004,0.0,inf
c4_no_d7,9,0.003,0.4822,0.5178,0.5178,0.0006,863.0000000000001
c4_no_d7,9,0.004,0.4749,0.5251,0.5251,0.0024,218.79166666666669
c4_no_d7,9,0.005,0.4713,0.5287,0.5287,0.0061,86.67213114754097
c4_no_d7,9,0.006,0.476,0.524,0.524,0.0175,29.94285714285714
c4_no_d7,9,0.007,0.4823,0.5177,0.5177,0.028,18.489285714285714
c4_no_d7,9,0.008,0.4891,0.5109,0.5109,0.0569,8.978910369068542
c4_no_d7,11,0.001,0.5407,0.45930000000000004,0.45930000000000004,0.0,inf
c4_no_d7,11,0.002,0.4758,0.5242,0.5242,0.0,inf
c4_no_d7,11,0.003,0.4623,0.5377000000000001,0.5377000000000001,0.0004,1344.25
c4_no_d7,11,0.004,0.4723,0.5277000000000001,0.5277000000000001,0.0012,439.7500000000001
c4_no_d7,11,0.005,0.4761,0.5239,0.5239,0.0056,93.55357142857143
c4_no_d7,11,0.006,0.4884,0.5116,0.5116,0.0104,49.1923076923077
c4_no_d7,11,0.007,0.4983,0.5017,0.5017,0.0281,17.854092526690394
c4_no_d7,11,0.008,0.505,0.495,0.495,0.0569,8.699472759226714
c4_no_d7,13,0.001,0.4818,0.5182,0.5182,0.0,inf
c4_no_d7,13,0.002,0.4709,0.5291,0.5291,0.0,inf
c4_no_d7,13,0.003,0.4758,0.5242,0.5242,0.0,inf
c4_no_d7,13,0.004,0.4834,0.5166,0.5166,0.0006,861.0
c4_no_d7,13,0.005,0.4908,0.5092,0.5092,0.0026,195.84615384615384
c4_no_d7,13,0.006,0.4987,0.5013000000000001,0.5013000000000001,0.0093,53.90322580645162
c4_no_d7,13,0.007,0.4934,0.5065999999999999,0.5065999999999999,0.0286,17.71328671328671
c4_no_d7,13,0.008,0.5061,0.4939,0.4939,0.0553,8.931283905967451
equal_333333,9,0.001,0.6383,0.3617,0.3617,0.0,inf
equal_333333,9,0.002,0.5878,0.4122,0.4122,0.0,inf
equal_333333,9,0.003,0.559,0.44099999999999995,0.44099999999999995,0.0006,735.0
equal_333333,9,0.004,0.5406,0.45940000000000003,0.45940000000000003,0.0024,191.41666666666669
equal_333333,9,0.005,0.536,0.46399999999999997,0.46399999999999997,0.0061,76.0655737704918
equal_333333,9,0.006,0.5266,0.47340000000000004,0.47340000000000004,0.0175,27.05142857142857
equal_333333,9,0.007,0.5153,0.4847,0.4847,0.028,17.310714285714287
equal_333333,9,0.008,0.5178,0.48219999999999996,0.48219999999999996,0.0569,8.47451669595782
equal_333333,11,0.001,0.6338,0.36619999999999997,0.36619999999999997,0.0,inf
equal_333333,11,0.002,0.5786,0.4214,0.4214,0.0,inf
equal_333333,11,0.003,0.5529,0.44710000000000005,0.44710000000000005,0.0004,1117.75
equal_333333,11,0.004,0.5301,0.4699,0.4699,0.0012,391.58333333333337
equal_333333,11,0.005,0.5235,0.47650000000000003,0.47650000000000003,0.0056,85.08928571428572
equal_333333,11,0.006,0.5094,0.49060000000000004,0.49060000000000004,0.0104,47.17307692307693
equal_333333,11,0.007,0.5,0.5,0.5,0.0281,17.793594306049823
equal_333333,11,0.008,0.503,0.497,0.497,0.0569,8.734622144112478
equal_333333,13,0.001,0.6101,0.3899,0.3899,0.0,inf
equal_333333,13,0.002,0.5618,0.43820000000000003,0.43820000000000003,0.0,inf
equal_333333,13,0.003,0.5334,0.4666,0.4666,0.0,inf
equal_333333,13,0.004,0.5232,0.4768,0.4768,0.0006,794.6666666666667
equal_333333,13,0.005,0.5138,0.48619999999999997,0.48619999999999997,0.0026,187.0
equal_333333,13,0.006,0.5035,0.49650000000000005,0.49650000000000005,0.0093,53.38709677419356
equal_333333,13,0.007,0.5057,0.49429999999999996,0.49429999999999996,0.0286,17.283216783216783
equal_333333,13,0.008,0.5014,0.49860000000000004,0.49860000000000004,0.0553,9.01627486437613
